title,score,id,subreddit,url,num_comments,body,created
Watercolor [shelfie],7541,9vvzzx,SkincareAddiction,https://i.redd.it/3o5mj127djx11.jpg,118,,1541898985.0
[Shelfie] The duality of man,7469,f8qa0m,SkincareAddiction,https://i.redd.it/hv9o8z044vi41.jpg,229,,1582574755.0
[Shelfie] I‚Äôm an illustrator and drew my skincare routine! I‚Äôve used most of these products for years once I found a routine that worked for me.,7020,h9oy2y,SkincareAddiction,https://i.redd.it/yumfav9z25551.jpg,140,,1592284100.0
[Shelfie] My skincare drawer sparks joy this morning,6767,iz1i6m,SkincareAddiction,https://i.redd.it/avt7dhnhq4p51.jpg,217,,1600996908.0
[Haul] [Shelfie] My boyfriend bought me a skincare fridge for Valentine‚Äôs Day!,6671,at65xl,SkincareAddiction,https://i.redd.it/1vf3l4e0nyh21.jpg,301,,1550800559.0
[Shelfie] Small space shelfie hack? A cake stand!,6151,d0sqsi,SkincareAddiction,https://i.redd.it/uytyvrk8c4l31.jpg,111,,1567867622.0
"Going minimal! I put my lotion, micellar water, face wash, and rose water in airless pump bottles so that they can all fit easily on my small counter. Plus, I love how they look! [Shelfie]",5759,de6paq,SkincareAddiction,https://i.redd.it/qjunn1avlyq31.jpg,168,,1570413371.0
[Shelfie] GF makes sure I'm taken care of while deployed,5397,bglh65,SkincareAddiction,https://i.redd.it/wkgjjjn0t2u21.jpg,170,,1556081151.0
[Shelfie] Dust-proof skincare storage üôå,5209,j0df66,SkincareAddiction,https://i.redd.it/uy8so0txzjp51.jpg,97,,1601181645.0
[Shelfie] Apparently I have strict guidelines: a product must be blue and white to be inducted into my skincare routine...,5151,is3z2b,SkincareAddiction,https://i.redd.it/uynmncu1nym51.jpg,168,,1600051367.0
"[Shelfie] Sometimes simpler is better. From 15 products to 6, my skin has never looked so good.",5081,iwkk38,SkincareAddiction,https://i.redd.it/q487c7k3vco51.png,295,,1600659430.0
[Shelfie] My roommate's & my bathroom shelfie!,4955,aotv86,SkincareAddiction,https://i.redd.it/9b1yf9uplkf21.jpg,128,,1549758912.0
"[Shelfie] Since my boyfriend asked me if I was ""already"" wearing makeup this morning, I finally feel confident enough to post my shelfie!!üåàüåàüéâ",4591,8eky76,SkincareAddiction,https://i.redd.it/tu5ixey4dvt01.jpg,263,,1524610010.0
"[PSA] [Shelfie] You know how on Instagram pages say ""comment and tag a friend and win""? Well I did, and I DID. Drunk Elephant sent a set of the Littles to my door, and one to my friend's door!",4465,9m9nse,SkincareAddiction,https://i.redd.it/44m797byhuq11.jpg,64,,1538982500.0
[Shelfie] I used to think skin care was feminine but now my face looks much more youthful. Everyone in their 20s should get on board!,4172,b6l6ai,SkincareAddiction,https://i.redd.it/v5oztr2y2wo21.jpg,260,,1553820498.0
[Shelfie] Of course my skin is looking great when no one can see it ¬Ø\_(„ÉÑ)_/¬Ø,3996,fraaza,SkincareAddiction,https://i.redd.it/98frffebknp41.jpg,146,,1585534285.0
[Shelfie] The Busy Medical Student's Evidence-Based Routine,3985,hux81b,SkincareAddiction,https://i.redd.it/yetjasgat3c51.jpg,300,,1595319693.0
[Shelfie] My new skincare shelf alongside with new products!,3959,abof8k,SkincareAddiction,https://i.redd.it/ybj14ckhyw721.jpg,108,,1546421690.0
[Shelfie] just a man with a skincare obsession.,3860,bvptkm,SkincareAddiction,https://i.redd.it/si1bjj0fct131.jpg,280,,1559453387.0
[Shelfie] My nifty new desk top refrigerator for skincare!,3823,8j1ro4,SkincareAddiction,https://i.redd.it/u3cypenx3kx01.jpg,153,,1526217123.0
[Shelfie] Plus review and pics of my results !,3817,daot7m,SkincareAddiction,https://i.redd.it/dix0dqdcrfp31.jpg,103,,1569749312.0
[Shelfie] My first shelfie at age (nearly) 25 I finally found a skincare routine that I‚Äôm sticking with. Going on a month and counting!,3785,d9jt49,SkincareAddiction,https://i.redd.it/1e0fkaxmzxo31.jpg,169,,1569534131.0
"[Shelfie] For the first time in my life, I've finally got clear skin. Thanks everyone!",3756,ampecm,SkincareAddiction,https://i.redd.it/dqtbl395rce21.jpg,172,,1549228044.0
[Shelfie] My current lineup! I have the best skin of my life thanks to my current routine.,3616,d1tomo,SkincareAddiction,https://i.redd.it/e9a7dsw3oll31.jpg,284,,1568077431.0
[shelfie] my current skincare routine with love from rainy England! üåß,3615,hgw8wh,SkincareAddiction,https://i.redd.it/bv9lq9tw8h751.jpg,184,,1593303079.0
[shelfie] My favorite Products,3599,bvy4kj,SkincareAddiction,https://i.redd.it/whwk0g09iy131.jpg,165,,1559515884.0
[Shelfie] of a 22 year old Male - thanks to this sub :)!,3571,bh959y,SkincareAddiction,https://i.redd.it/5z7nxqq75fu21.jpg,118,,1556230561.0
[Shelfie] [B&A] Sometimes less is more,3571,8ph8li,SkincareAddiction,https://i.redd.it/94oxadoylp211.jpg,155,,1528463115.0
[Shelfie] Rotating Skincare Tower!,3543,ff19sx,SkincareAddiction,https://v.redd.it/uej4hhd4cbl41,188,,1583642891.0
[Shelfie] 19y/o Asian male tryin to lock in all the moisture,3475,cdwhxf,SkincareAddiction,https://i.redd.it/upjevc6lrna31.jpg,132,,1563309542.0
"[Shelfie] I used to have an extensive 10 step skincare routine and my skin sucked. Now, this simpler routine has my skin looking clearer and glowier than before I had issues with my skin",3470,d34z14,SkincareAddiction,https://i.redd.it/7b80db8hk4m31.jpg,198,,1568306252.0
[Shelfie] Just a 16 year old male... With hopes and dreams of clear skin.,3460,abdtq0,SkincareAddiction,https://i.redd.it/rvjqyppswp721.jpg,277,,1546336452.0
[shelfie] what a 34 year old man does to keep youthful skin,3459,8o39qc,SkincareAddiction,https://i.redd.it/euxb5fdbbn111.jpg,158,,1527999318.0
[SHELFIE] Confessions of a skincare addict: A shrine to my daily heroes!,3414,jj4q7e,SkincareAddiction,https://i.redd.it/ns5tdaw12ov51.jpg,234,,1603845870.0
"[Shelfie] Today, after a dacade of dealing with breakouts and hyperpigmentation, I left the house without foundation; and I have you guys to thank for that!",3317,an4sa9,SkincareAddiction,https://i.redd.it/qeba9h07kle21.jpg,262,,1549334656.0
"[shelfie] lads we did it, I stopped using shower gel as a cleanser!",3297,9q43no,SkincareAddiction,https://i.redd.it/ev0cu4cqyjt11.jpg,169,,1540162509.0
[Shelfie] Saw the boyfriend CeraVe post yesterday so I figured I'd share my shelfie. Mid-thirties male with a morning and evening Tatcha ritual. Been at it for about a year and my face isn't an oil slick for the first time in my life.,3286,jhdvf4,SkincareAddiction,https://i.redd.it/wvdczkw353v51.jpg,256,,1603592685.0
[Shelfie] before vs. after: routine edition!,3272,j4jw96,SkincareAddiction,https://i.redd.it/rt84eh958xq51.jpg,173,,1601777699.0
[Shelfie] I always leave my mirror open because I‚Äôd much rather admire the color coordination of my shelf than my unkempt eyebrows,3271,7wupuh,SkincareAddiction,https://i.redd.it/brfhdbzismf01.jpg,188,,1518404345.0
"[Shelfie] Travel bottled my essentials, welcoming minimalist hell with open arms",3207,a5h1wj,SkincareAddiction,https://i.imgur.com/ZJV6mIq.jpg,102,,1544639913.0
[Shelfie] Inspired by the anti-haul - Got my routine down to 5 products,3194,erxdy6,SkincareAddiction,https://i.redd.it/vb1y24siw5c41.jpg,171,,1579654455.0
[Shelfie] Mini-Me Shelfie,3159,fzbmbu,SkincareAddiction,https://i.redd.it/1v7dq0yx88s41.jpg,86,,1586656403.0
"[Shelfie] After 5+ years of trial and error, I have finally put together my holy grail routine.",3114,akbvrh,SkincareAddiction,https://i.redd.it/e33633r4tyc21.jpg,203,,1548623409.0
"[Shelfie] It's a little messy, but I'm starting to get reeeeally proud of my little shelf!",3093,7w5d2j,SkincareAddiction,https://i.redd.it/wvaks03n60f01.jpg,172,,1518130945.0
[SHELFIE] I repurposed a dining table lazy susan for my bedside skincare,3081,dbcrd4,SkincareAddiction,https://v.redd.it/yzx9mvehoqp31,73,,1569884208.0
"[Shelfie] I always love looking at everyone's collection, so here's mine!",3080,bs4d0n,SkincareAddiction,https://i.redd.it/pxadhl526zz21.jpg,229,,1558654303.0
[Shelfie] The humble shelfie of a railroad worker,3063,bd2gcm,SkincareAddiction,https://i.redd.it/uzlfw2sl88s21.jpg,158,,1555275229.0
[shelfie] ‚ú®Skincare Shrine‚ú®,3022,ajhqgm,SkincareAddiction,https://i.redd.it/wh9obi7uzfc21.jpg,247,,1548395569.0
[Shelfie] My favourite masks as an engineering student to hide my tears,3001,hwhodv,SkincareAddiction,https://i.redd.it/cb9y7sqalmc51.jpg,150,,1595547072.0
"[shelfie] Yes, my skincare shelf adorns my bedroom wall.",2982,brh6ex,SkincareAddiction,https://i.redd.it/4smql6rfanz21.jpg,117,,1558508398.0
[shelfie] Found this $20 Tiny Fridge and am very much enjoy this new level of crazy.,2960,ab8gpy,SkincareAddiction,https://i.imgur.com/tyddK6C.jpg,125,,1546301626.0
[Shelfie] TIL nail polish dividers work great for TO products!,2938,ck1b7s,SkincareAddiction,https://i.redd.it/kbefsgh4jjd31.jpg,93,,1564564752.0
[Shelfie] Skincare for a[n extra] broke college student who qualified for neither the stimulus check nor unemployment benefits üôÑ,2902,hzfyl8,SkincareAddiction,https://i.imgur.com/1BFSUz4.jpg,136,,1595976469.0
This SAVED my skin. Anyone with Rosacea should try this product! [Shelfie],2828,d7zgpr,SkincareAddiction,https://i.redd.it/rkbhylkpu8o31.jpg,314,,1569229804.0
[Shelfie] Finally widdled my once product-crazy self down to some tried-and-trues,2815,abjcz0,SkincareAddiction,https://i.redd.it/5puj8xsh7u721.jpg,131,,1546388422.0
[Shelfie] Basic Combo Skin Asian,2808,a8ye35,SkincareAddiction,https://i.redd.it/7onnmj13f3621.jpg,137,,1545628216.0
"[shelfie] It‚Äôs definitely a lot smaller than some of yours, but I still love it",2798,f1dh48,SkincareAddiction,https://i.redd.it/rfmzep1o7yf41.jpg,195,,1581304728.0
[Shelfie] My basic and affordable daily routine!,2781,if80kj,SkincareAddiction,https://i.redd.it/aso0rhyxlsi51.jpg,382,,1598234985.0
"[Shelfie] Realized my skincare is almost all pink and green and thought it looked pretty! Combo/oily, sensitive, acne-prone skin type. Routine and mini reviews below!",2767,ghvxls,SkincareAddiction,https://i.redd.it/aynq4u7t47y41.jpg,94,,1589258146.0
[Shelfie] bathroom cabinet central europe edition,2764,c43055,SkincareAddiction,https://i.redd.it/zw2vospp33631.jpg,101,,1561317639.0
"[Shelfie] If it‚Äôs not blue/white and gentle, I don‚Äôt want it.",257,jkbfpg,SkincareAddiction,https://i.redd.it/4bg8wjror1w51.jpg,32,,1604011880.0
[Shelfie] my bf calls these my *potions*...,233,jlpbcr,SkincareAddiction,https://i.redd.it/3u5syjjmnhw51.jpg,40,,1604204223.0
"[Shelfie] my dad has throat cancer, and he sent me a picture of his post radiation routine! So happy to see he was recommended aquaphor!",231,jmp87m,SkincareAddiction,https://i.redd.it/52t6x3cmfuw51.jpg,24,,1604358921.0
"[Shelfie] As a busy Ph.D. student, I only use a handful of effective favorites.",170,hwh4re,SkincareAddiction,https://i.redd.it/5k646h97fmc51.jpg,153,,1595545204.0
[Shelfie] Current routine + bonus rejects,122,jnctjc,SkincareAddiction,https://www.reddit.com/gallery/jnctjc,18,,1604447959.0
[Shelfie] broke college student with ADHD trying to make healthier habits,48,jmu4a3,SkincareAddiction,https://i.redd.it/xzxv83zqmvw51.jpg,23,,1604373433.0
[Shelfie] last month I used exclusively cheap bar soap; now I have (what I think is) a solid routine. Haven‚Äôt missed a day yet and I‚Äôm pretty proud of my progress:),47,jmudea,SkincareAddiction,https://i.redd.it/ojkao947pvw51.jpg,20,,1604374250.0
[Shelfie] My new favorite lineup,31,jnepur,SkincareAddiction,https://i.redd.it/tuob8rdf92x51.jpg,3,,1604453694.0
"[Shelfie] 16 year old teenager , first night of tretinoin ü§≠",29,cgx137,SkincareAddiction,https://i.redd.it/rdy1z4vjr3c31.jpg,25,,1563938030.0
[Shelfie] My fall/winter skincare routine with Vitamin C and Retinal,26,jmt3dg,SkincareAddiction,https://i.redd.it/uf0qq2y9dvw51.jpg,13,,1604370358.0
[shelfie] My almost finalized (90%) skincare dreamland,22,jk9rr5,SkincareAddiction,https://i.redd.it/gkzcnzc3a1w51.jpg,13,,1604005968.0
[Shelfie] AM and PM routine decanted into sleek containers!,20,dljunz,SkincareAddiction,https://i.redd.it/qj9w5igo64u31.jpg,26,,1571788378.0
[SHELFIE] My teeny weeny new collection. I‚Äôm proudly one of those people who use multiple new products at once and then hope to all that‚Äôs sane I don‚Äôt breakout or react to any. They‚Äôre all purchased from Canadian websites with free shipping after minimum prices. I‚Äôve been using all for 4 days now.,20,jn08nb,SkincareAddiction,https://www.reddit.com/gallery/jn08nb,10,,1604392908.0
"[Shelfie] First time posting, would someone be able to tell me where I'm going wrong?",15,85svzo,SkincareAddiction,https://imgur.com/njb3pY7,18,,1521583009.0
"[Shelfie] 18 year old with good skin that got even nicer, also dry",12,8leicz,SkincareAddiction,https://i.redd.it/andrsrbunhz01.jpg,22,,1527059193.0
[Shelfie] Ain‚Äôt scared of coronavirus but dry skin inflight ü§£ my routine for 14-hour plane ride,11,f1a703,SkincareAddiction,https://i.redd.it/x7w7gj4x3xf41.jpg,10,,1581291363.0
[shelfie] I‚Äôm 33 this month. Time to get serious. Tips or help appreciated!,11,8akpwc,SkincareAddiction,https://i.redd.it/6g325z9mmjq01.jpg,20,,1523160801.0
"[shelfie] even though the st.ive's scrubs are basically blacklisted and notorious for being awful, i still like em and i'm gonna use em ü§∑‚Äç‚ôÄÔ∏è combo skin routine in comments",10,hwcvv5,SkincareAddiction,https://i.redd.it/6spvuno5wkc51.jpg,10,,1595526463.0
[shelfie] a gamer girl's shelfie ‚ô°,9,i34q6h,SkincareAddiction,https://i.redd.it/u527h2a5jue51.jpg,16,,1596514865.0
[SHELFIE] I‚Äôm Drunk in Love with my new routine,8,ea0b8t,SkincareAddiction,https://i.redd.it/bws88aksgc441.jpg,29,,1576247117.0
"[Shelfie] First post, These arrived this morning üëåüèª can‚Äôt wait to try them out",7,86jnro,SkincareAddiction,https://i.redd.it/cjhc70bxrhn01.jpg,13,,1521830389.0
"[SHELFIE] looking for opinions, more info in comments!",6,jlwitl,SkincareAddiction,https://i.redd.it/e4xmweej2kw51.jpg,7,,1604233455.0
[shelfie] the collection is almost complete,6,8n2do6,SkincareAddiction,https://i.redd.it/xu9pu5rdtu011.jpg,14,,1527654295.0
"[shelfie] : obagi, jan marini, skinceuticals",6,jkpi9d,SkincareAddiction,https://i.redd.it/l6wn3cqwj5w51.jpg,4,,1604057693.0
[shelfie] My current products,6,akb0mo,SkincareAddiction,https://i.redd.it/4aqs35p72yc21.jpg,23,,1548614290.0
"[Shelfie] at 50 yrs old, I still have dry, yet acne-prone/sensitive skin; phytomer & mac help with with the battle",5,ddug7l,SkincareAddiction,https://i.redd.it/q9a04ziousq31.jpg,6,,1570343624.0
"[Shelfie] I wanted to only use 1 brand on my skin, so I decided to splurge on some Clinique!",5,akx8o9,SkincareAddiction,https://i.redd.it/njypccl32bd21.jpg,15,,1548771641.0
[Shelfie] My first post on reddit.. my humble collection :-),4,8difgv,SkincareAddiction,https://i.redd.it/r2o695l7qxs01.jpg,8,,1524203019.0
[Shelfie] minus a shelf lol!,4,8nizym,SkincareAddiction,https://i.redd.it/ljk62607f7111.jpg,32,,1527806910.0
[Shelfie] it‚Äôs taken a while to get here,4,8gzmpm,SkincareAddiction,https://i.redd.it/n1jonf5emuv01.jpg,20,,1525472704.0
[shelfie] my ultimate guide to acne free skin,4,dg7a5a,SkincareAddiction,https://i.redd.it/tfhwxkjz4tr31.jpg,10,,1570782945.0
[Shelfie] Jen Atkin‚Äôs amazing Shelfie,3,bs3vzr,SkincareAddiction,https://i.redd.it/2kivdty25zz21.jpg,18,,1558651866.0
"[Shelfie] Restocked my CeraVe Hydrating Facial Cleanser, and trying out the CeraVe Moisturizing Cream for the first time!",3,8u615v,SkincareAddiction,https://i.redd.it/g9desfk1ig611.jpg,21,,1530096070.0
[Shelfie] I think I've almost got my ideal routine down but looking for advice on a lasting skincare issue! (routine/links & pics in comments),3,fhlb23,SkincareAddiction,https://i.redd.it/secggpz4fam41.jpg,22,,1584067638.0
"[Shelfie] I've been into skincare for the past 4ish months, here is my routine!",3,c9pzm0,SkincareAddiction,https://i.redd.it/mihw0m13cm831.jpg,4,,1562419904.0
[Shelfie] My Olay collection is growing <3,3,fri19r,SkincareAddiction,https://i.redd.it/wfh250iqupp41.jpg,6,,1585562027.0
"[shelfie] Staying at my sisters house, laying everything out made me think it was a good time for a family photo",2,8c51ru,SkincareAddiction,https://imgur.com/VuYwliy,3,,1523705795.0
[shelfie] Is doing an AM and PM skincare routine when staying indoors all day necessary?,2,jn8bje,SkincareAddiction,https://www.reddit.com/r/SkincareAddiction/comments/jn8bje/shelfie_is_doing_an_am_and_pm_skincare_routine/,7,"So I‚Äôm trying to get into skincare properly now the UK is going into a second lockdown. I‚Äôve bought quite a few ordinary products, including retinoid which says to use in PM. 

So I was thinking in the AM to cleanse, tone, serum (the ordinary‚Äôs buffet) and moisturise. 

Then in the PM to cleanse, tone, serum (hydraulic acid), retinoid (ordinary‚Äôs granactive retinoid) and then night cream. 

But because I won‚Äôt be leaving the house this month, it feels a bit unnecessary and wasteful of products (?) but I‚Äôm not an expert haha so if it is worth doing I‚Äôll stick to both AM and PM. Or if you have any suggestions let me know :)

Also I have dry/ dry-combination skin and a few fine lines",1604429888.0
[Shelfie] My new TO haul arrived!,2,hgze5h,SkincareAddiction,https://i.redd.it/lpvog9w84i751.jpg,10,,1593313613.0
[Shelfie] Took years but finally have a great routine for me. Info in comments!,2,gjtg0c,SkincareAddiction,https://i.redd.it/n4vw3i1dasy41.jpg,8,,1589514108.0
"[Shelfie] I love seeing everyone else's shelfies, and I had a spare day so I decided to take the time and inventory my skincare collection!",2,8a6lj6,SkincareAddiction,https://imgur.com/a/Oc6Yf,1,,1523016780.0
[shelfie] 30F 10-step Routine w/Tretinoin,2,iz41k3,SkincareAddiction,https://i.redd.it/ss9obhsvd5p51.jpg,7,,1601004727.0
[Shelfie] New cabinet to fit SO's significant number of products. Plus my corner :-),1,caobfh,SkincareAddiction,https://i.imgur.com/6eB6Dlp.jpg,3,,1562636947.0
[Shelfie] Staying with my friend for the weekend... what products should I use??,1,d3pgsn,SkincareAddiction,https://i.redd.it/w3y2nbp48dm31.jpg,17,,1568411048.0
[Shelfie] My new favorite facial scrub!,1,7niodg,SkincareAddiction,https://imgur.com/gallery/wJECC,11,,1514880312.0
[Shelfie] just want input to what I should be getting and doing to really make the most of my skincare routine!,1,8ehi7x,SkincareAddiction,https://i.redd.it/djcb1awf1st01.jpg,13,,1524569746.0
[Shelfie] products posted in comments!,0,8od7ke,SkincareAddiction,https://i.redd.it/677v6g6btv111.jpg,9,,1528102225.0
[SHELFIE] I think I‚Äã need an Intervention! :P,0,axus2w,SkincareAddiction,https://i.redd.it/eh4t0av1dfk21.jpg,25,,1551875837.0
[Shelfie] Too much product for a 39 year old white guy?,0,81kzgm,SkincareAddiction,https://www.reddit.com/r/SkincareAddiction/comments/81kzgm/shelfie_too_much_product_for_a_39_year_old_white/,28,"https://imgur.com/a/Hl47M?s=fbm

    1. Exfoliate: St Ives Apricot Scrub
    2. SkII Facial Treatment Gentle Cleanser
    3. Avene Toner
    4. SKII Facial treatment essence 
    5. SKII RNA (moisturizer?)

    Misc:
    
    Ultraceuticals treatment lotion (don't know exactly when to use this)

    Neutrogena rapid wrinkle repair eye cream

    Clearasil Pimple cream",1520069137.0
[Shelfie] I realized my shelf is getting full...,0,ahilo0,SkincareAddiction,https://i.redd.it/h7r3qpyizab21.jpg,2,,1547899081.0
[shelfie] I was struggling with acne until my friend recommended me Mario Badescu!,0,ifn64m,SkincareAddiction,https://i.imgur.com/v9UOqjS.jpg,8,,1598297191.0
[Shelfie] my routine for super oily skin :),0,8l6dk5,SkincareAddiction,https://i.redd.it/445e9rkvfbz01.jpg,8,,1526983872.0
[Shelfie] Is it possible to have skin this perfect or is this airbrushed?,0,9un69a,SkincareAddiction,https://imgur.com/eRKtCC2,15,,1541528189.0
[shelfie] As much as I could fit! I‚Äôm relatively new to this and this is the first time I‚Äôve felt like I really have the basics down!,0,8l3olk,SkincareAddiction,https://i.redd.it/wzwu0h08j9z01.jpg,15,,1526960783.0
[shelfie] Just the essentials...I guess you could call it an addiction!,0,aqtgvl,SkincareAddiction,https://i.redd.it/wku3u3t78og21.jpg,9,,1550238634.0
[Shelfie] Rate my Shelfie! I like to try different products. Any suggestions worth trying?,0,f1kce9,SkincareAddiction,https://i.redd.it/z0wwrnjbn0g41.jpg,8,,1581334206.0
[Shelfie] In what order would you use these products? My AM/PM posted in comments :),0,7z6a51,SkincareAddiction,https://i.redd.it/h0gzamyp2lh01.jpg,8,,1519255251.0
[Shelfie] just getting started and don‚Äôt know what I‚Äôm doing :),0,aq1je5,SkincareAddiction,https://i.imgur.com/nXr9ep7.jpg,5,,1550053707.0
[SHELFIE] I need help to determine my skin issues and type.,0,jlxywc,SkincareAddiction,https://www.reddit.com/r/SkincareAddiction/comments/jlxywc/shelfie_i_need_help_to_determine_my_skin_issues/,2,"Before I get into the specifics of my current exact concerns I'm just going to break down my current skin information, and then how I got here. Then my current issue. Also I do recognize that my acne is no where near as bad as some peoples and I am grateful but I still want to see if I can fix mine. Thanks for reading.  


**My Body Information:** 19 years of age, Male, 5'5, 138 lbs, Between 15 - 25% body fat.

**Skin Information:** Slightly Oily (I believe \[*possibly combination\]*), Been having very mild acne for like 5 and a half  years, got much worse in comparison about a year and a half ago. Some pimples last very long time.

**Skin Goals:** Discover true skin type, discover what type of pimples I'm getting and what steps I can take to clear my skin as best I can and then prevent acne in the future.

**CURRENT Skin Care Routine:** ***Morning -*** Shower in the morning whenever I wake up and rinse face with water then gently scrub face using ""*For blemish-prone skin* Facial Cleansing Gel"" made by atoma. Leave it on for 30 seconds then rinse it off while still in the shower. After drying apply thin layer of ""Niacinamide 10% + Zinc 1%"" made by The Ordinary. ***Night -*** Rinse my face with wet, warm washcloth. Pat dry face. Apply previously mentioned ""Facial Cleansing Gel"" for 2 minutes-ish. Wipe off with wet washcloth. Pat face dry again. Apply thicker layer of previously mentioned Niacinamide solution. Go to bed.

I believe my skincare routine is at least preventing my face from badly breaking out. I believe this because, as evidence my example is, I went on a 3 day trip and didn't use them for those days and got a cyst on my face for about a month. Then in general if I miss a day I usually get a bad pimple.

Here are some images of my current skin: [https://imgur.com/a/nXFd1uk](https://imgur.com/a/nXFd1uk)

**Current Concerns and Goals:** If you refer to image 1 of the 3 you can see little bumps with dark spots in the center. What are these? They have been on my skin for many months and they are the worst there but they are all over my face. Now on image 3 of the 3 my cheek is slightly more patchy red than anywhere on my face, That's been like that for a while too and I don't understand why. I also don't for sure know what type of skin I have. I've been getting single off really really bad pimples since grade 6 but about a year and a half ago my skin broke out a lot worse. What can I do to fix this acne?

**IMPORTANT Skin History:** So I'll go over my entire skincare history, problems and routines and all. So from about 13 years old up until 17 years old all I had no skincare routine and used no products. During this period generally my skin was completely clear and soft. Though every once and a while I would get a pimple and when I would it would be a really really bad one. Huge and disgusting and lasting a week. 

One day I was 17 and got one of my nasty ones and wanted to fix it (because I was gonna see the girl I liked). So I got some kind of spot treatment product using an acid and it worked on that spot so I used it in a few spots but my skin got VERY dry so I went and got a moisturizer. I got ""Aveeno Daily Moisturizing Lotion"" and used it on my full face. and for a few weeks I used that every day and felt great about it. 

But then over time I realized my face was getting tiny skin-colored pimple looking things all over my face. Figured it was acne but I had hoped it would just go away (Not the smartest choice) and ignored it. Then it got much worse so I thought maybe I was allergic to the moisturizer. Made a post on this subreddit to figure it out. That post is here - [https://tinyurl.com/y2htc68u](https://tinyurl.com/y2htc68u) 

So after that post, based on the response, I got a much thinner moisturizer to switch to. Therefore I started using ""Moisturizing Lotion - Face and Body - All Skin Types"" by Cetaphil everyday (I actually think I switched to something else first but that doesn't matter too much). But sadly this changed nothing on my skin so I added the Facial Cleansing Gel I currently use but again not much changed. Then I stopped using anything and my face got worse. So then I added The Ordinary product to my routine and made my current skincare routine. The Ordinary product definitely helped at least make the red spots less red.

aaand that leaves us where we currently are now. I don't know what to do for my skin now and need some help. I've tried a lot of other outside things like eating more fish, switching to new pillow cases, washing hands more and less touching face, eating healthier in general. Nothing seems to help long term. What can I do?",1604241208.0
[Shelfie] I spent 10 minutes labeling everything because I didn't want to rearrange my products. Routine in comment.,0,ckpdwg,SkincareAddiction,https://i.redd.it/ld0cqiewoud31.jpg,7,,1564699925.0
"[shelfie] [haul] I have hyperpigmentation and have noticed a dramatic change by introducing this into my nighttime shower routine after using my body wash and the cerave body wash for rough and bumpy skin. Fragrance free, lightweight, and gentle. Soft, smooth, and glowy skin? Yes please!!!!",0,bhi48u,SkincareAddiction,https://i.redd.it/5vf5iemcbju21.jpg,6,,1556281023.0
My first shelfie. [shelfie],0,8v7l2l,SkincareAddiction,https://i.redd.it/9by63iafm9711.jpg,3,,1530448646.0
